Embassy ID,Embassy (Country),Region,Contact Person,Designation,Email,Phone,Outreach Channel,Owner,First Contact Date,Last Contact Date,Status,Engagement Level,Interactions,Next Action,Next Action Due,Remarks
EMB-001,Chile,Americas,Layla Silva,First Secretary,layla.silva@chile-embassy.example,+91-11-2846-3330,Email,Aisha Khan,,,Not Started,None,0,Send introductory letter,2026-10-19,Prefers formal letters
EMB-002,Indonesia,Asia-Pacific,,Commercial Counsellor,fatima.lindberg@indonesia-embassy.example,+91-11-2323-5272,Phone,Karan Joshi,2026-05-26 00:00:00,2026-07-08 00:00:00,No Response,LOW,2,Escalate via phone / alternate contact,2026-08-06,
EMB-003,Mexico,Americas,Grace Garcia,Protocol Officer,grace.garcia@mexico-embassy.example,+91-11-2880-8438,Email,Karan Joshi,,,Not Started,None,0,Send introductory letter,2026-10-18,Prefers formal letters
EMB-004,Laos,Asia-Pacific,Pedro Dubois,Protocol Officer,pedro.dubois@laos-embassy.example,+91-11-2302-3085,Phone,Imran Sheikh,2026-06-28 00:00:00,2026-09-23 00:00:00,in discussion,Medium,8,Share proposal / MoU draft,2026-10-28,Awaiting reply from HQ
EMB-005,Vietnam,Asia-Pacific,Hiro Petrov,Ambassador's Office,hiro.petrov.vietnam-embassy.example,+91-11-2911-2753,Letter,Rohan Mehta,2026-05-06 00:00:00,2026-11-12 00:00:00,On Hold,Medium,6,Review in next quarter,,Prefers formal letters
EMB-006,China,Asia-Pacific,Lucas Chen,Ambassador's Office,,+91-11-2118-5279,Phone,Neha Verma,2026-04-28 00:00:00,2026-08-27 00:00:00,in discussion,High,3,Share proposal / MoU draft,2026-09-28,
EMB-007,Colombia,Americas,Yusuf Chen,Commercial Counsellor,yusuf.chen@colombia-embassy.example,+91-11-2256-1423,Email,Rohan Mehta,,,Not Started,None,0,Send introductory letter,2026-10-27,Holiday season delay
EMB-008,Algeria,Africa,Layla Park,Protocol Officer,layla.park@algeria-embassy.example,+91-11-2197-6169,Email,Karan Joshi,2026-09-18 00:00:00,18-Sep-2026,Contacted ,Medium,1,Follow-up email,2026-10-28,
EMB-009,Jordan,Middle East,Fatima Rossi,Political Counsellor,fatima.rossi@jordan-embassy.example,+91-11-2901-7232,Event,Aisha Khan,2026-05-17 00:00:00,2026-09-11 00:00:00,Partnership Active,None,20,Quarterly review call,2026-10-25,Prefers formal letters
EMB-010,South Korea,Asia-pacific,Kwame Fernandez,Protocol Officer,kwame.fernandez@southkorea-embassy.example,+91-11-2735-8973,Phone,Rohan Mehta,2026-06-14 00:00:00,2026-06-14 00:00:00,No Response,Low,1,Escalate via phone / alternate contact,2026-07-28,
EMB-011,Bangladesh,Asia-pacific,Fatima Fernandez,Cultural Attaché,fatima.fernandez@bangladesh-embassy.example,+91-11-2440-3088,Email,Priya Nair,2026-07-11 00:00:00,2026-09-22 00:00:00,Partnership Active,High,13,Quarterly review call,2026-10-08,
EMB-012,Switzerland,Europe,Mina Mensah,Press Officer,mina.mensah@switzerland-embassy.example,+91-11-2276-4598,Meeting,Aisha Khan,2026-07-07 00:00:00,2026-06-21 00:00:00,Meeting Scheduled,Medium,6,Prepare meeting brief,,
EMB-013,Italy,Europe,Anna Haddad,Protocol Officer,anna.haddad@italy-embassy.example,+91-11-2432-6574,Meeting,,2026-09-26 00:00:00,2026-09-26 00:00:00,Contacted ,Low,1,Follow-up email,2026-10-30,Contact changed recently
EMB-014,Cambodia,,Lucas Nkosi,First Secretary,lucas.nkosi@cambodia-embassy.example,+91-11-2441-2146,Meeting,Neha Verma,2026-04-29 00:00:00,2026-09-15 00:00:00,In Discussion,High,3,Share proposal / MoU draft,2026-10-14,Holiday season delay
EMB-015,Malaysia,Asia-Pacific,Liam Rossi,Press Officer,liam.rossi@malaysia-embassy.example,+91-11-2636-2638,Email,Neha Verma,2026-05-04 00:00:00,2026-08-11 00:00:00,No Response,None,2,Escalate via phone / alternate contact,2026-08-25,Requested brochure
EMB-016,Kuwait,Middle East,Sofia Mensah,Cultural Attaché,sofia.mensah@kuwait-embassy.example,+91-11-2820-8612,Letter,Neha Verma,2026-05-06 00:00:00,2026-09-02 00:00:00,In Discussion,Medium,6,Share proposal / MoU draft,2026-10-17,Contact changed recently
EMB-017,Lebanon,Middle East,Mina Müller,First Secretary,mina.müller@lebanon-embassy.example,,Phone,,2026-06-22 00:00:00,2026-09-11 00:00:00,Partnership Active,High,20,Quarterly review call,,Contact changed recently
EMB-018,Cuba,Americas,Mina Ali,Commercial Counsellor,mina.ali@cuba-embassy.example,+91-11-2667-8245,Meeting,Rohan Mehta,,,Not Started,None,1,Send introductory letter,2026-09-26,Holiday season delay
EMB-019,South Africa,Africa ,Liam Ali,Ambassador's Office,liam.ali@southafrica-embassy.example,+91-11-2767-9837,Email,Priya Nair,2026-08-13 00:00:00,2026-08-13 00:00:00,Contacted,Low,1,Follow-up email,2026-08-25,Holiday season delay
EMB-020,Turkey,Mideast,Lucas Okafor,Cultural Attaché,lucas.okafor@turkey-embassy.example,+91-11-2499-4595,Meeting,Imran Sheikh,2026-06-04 00:00:00,2026-09-25 00:00:00,Meeting Scheduled,High,7,Prepare meeting brief,2026-10-15,
EMB-021,Russia,Europe,Pedro Tanaka,Commercial Counsellor,pedro.tanaka.russia-embassy.example,+91-11-2243-5562,Event,Rohan Mehta,2026-04-21 00:00:00,2026-08-30 00:00:00,Partnership Active,Medium,48,Quarterly review call,2026-09-24,
EMB-022,Norway,Europe,Mina Novak,Commercial Counsellor,mina.novak@norway-embassy.example,+91-11-2065-7304,Event,Neha Verma,2026-08-15 00:00:00,2026-08-27 00:00:00,Contacted ,Low,2,Follow-up email,2026-09-13,Requested brochure
EMB-023,Australia,Asia-Pacific,Pedro Müller,Ambassador's Office,pedro.müller@australia-embassy.example,,Letter,Neha Verma,,,Not Started,None,0,Send introductory letter,2026-11-14,
EMB-024,Morocco,Africa,Omar Chen,First Secretary,omar.chen@morocco-embassy.example,011 2901 5526,Letter,Aisha Khan,2026-09-16 00:00:00,2026-09-16 00:00:00,,Medium,1,Follow-up email,2026-10-22,
EMB-025,Guyana,Americas,Yusuf Chen,First Secretary,yusuf.chen@guyana-embassy.example,+91-11-2686-2713,Phone,Priya Nair,2026-02-12 00:00:00,2026-06-04 00:00:00,No Response,Low,2,Escalate via phone / alternate contact,2026-07-19,Interested in cultural exchange
EMB-026,Japan,Asia-Pacific,Tariq Ali,Cultural Attaché,tariq.ali@japan-embassy.example,,Email,Rohan Mehta,2026-05-12 00:00:00,2026-04-19 00:00:00,Contacted,Low,2,Follow-up email,2026-10-13,
EMB-027,Iran,Middle East,Nora Nkosi,Ambassador's Office,nora.nkosi@iran-embassy.example,+91-11-2424-7678,Meeting,Neha Verma,2026-05-27 00:00:00,2026-09-21 00:00:00,In Discussion,,0,Share proposal / MoU draft,2026-10-25,Awaiting reply from HQ
EMB-028,Bahrain,Middle East,Mina Ali,Press Officer,mina.ali@bahrain-embassy.example,+91-11-2265-5050,Meeting,Neha Verma,2026-07-23 00:00:00,2026-07-23 00:00:00,No Response,Low,1,Escalate via phone / alternate contact,2026-08-30,Holiday season delay
EMB-029,Brazil,Americas,Ingrid Garcia,Political Counsellor,ingrid.garcia@brazil-embassy.example,+91-11-2602-8025,Meeting,Neha Verma,2026-06-13 00:00:00,2026-08-15 00:00:00,No Response,None,3,Escalate via phone / alternate contact,2026-10-04,Meeting postponed once
EMB-030,Philippines,Asia-Pacific,Omar Haddad,Protocol Officer,,+91-11-2452-8007,Letter,Aisha Khan,2026-04-29 00:00:00,2026-09-25 00:00:00,In Discussion,Medium,8,Share proposal / MoU draft,2026-10-07,
EMB-031,USA,Americas,Tariq Mensah,First Secretary,tariq.mensah@usa-embassy.example,+91-11-2188-1841,Meeting,Imran Sheikh,2026-08-03 00:00:00,2026-08-31 00:00:00,Contacted,Low,2,Follow-up email,2026-10-16,
EMB-032,Argentina,Americas,Diego Tanaka,Cultural Attaché,diego.tanaka@argentina-embassy.example,+91-11-2245-3847,Letter,Aisha Khan,2026-04-26 00:00:00,2026-09-03 00:00:00,Contacted,Low,2,Follow-up email,2026-10-01,
EMB-033,Sweden,Europe,Ingrid Rahman,Cultural Attaché,ingrid.rahman@sweden-embassy.example,+91-11-2379-6820,Phone,Karan Joshi,2026-06-26 00:00:00,2026-08-18 00:00:00,No Response,low,3,Escalate via phone / alternate contact,2026-10-01,Holiday season delay
EMB-034,Zambia,africa,Hiro Petrov,Ambassador's Office,hiro.petrov@zambia-embassy.example,+91-11-2997-1893,Letter,Priya Nair,2026-09-19 00:00:00,2026-10-02 00:00:00,Meeting Scheduled,Medium,7,Prepare meeting brief,2026-11-17,Holiday season delay
EMB-035,Canada,,Marco Silva,Cultural Attaché,marco.silva@canada-embassy.example,+91-11-2830-5978,Email,Rohan Mehta,2026-06-21 00:00:00,2026-08-27 00:00:00,,Medium,6,Share proposal / MoU draft,2026-10-09,Requested brochure
EMB-036,Nigeria,Africa,Elena Haddad,Commercial Counsellor,elena.haddad@nigeria-embassy.example,(011) 26212876,Phone,Priya Nair,2026-06-01 00:00:00,2026-05-18 00:00:00,In Discussion,Medium,3,Share proposal / MoU draft,2026-10-20,Meeting postponed once
EMB-037,Romania,Europe,Liam Mensah,Political Counsellor,liam.mensah@romania-embassy.example,+91-11-2882-2604,Email,Karan Joshi,2026-08-14 00:00:00,2026-08-14 00:00:00,Contacted,MEDIUM,0,Follow-up email,2026-09-08,
EMB-038,Austria,Europe,Lucas Petrov,Political Counsellor,lucas.petrov@austria-embassy.example,,Email,Priya Nair,2026-07-19 00:00:00,2026-10-04 00:00:00,In Discussion ,High,6,Share proposal / MoU draft,2026-11-15,
EMB-039,Ireland,Europe,Pedro Rossi,Commercial Counsellor,pedro.rossi@ireland-embassy.example,011 2567 4770,Letter,Rohan Mehta,2026-09-17 00:00:00,2026-09-17 00:00:00,contacted,Low,1,Follow-up email,2026-10-01,
EMB-040,UAE,Middle East,Anna Garcia,First Secretary,anna.garcia@uae-embassy.example,+91-11-2215-8043,Letter,Neha Verma,2026-05-06 00:00:00,2026-09-06 00:00:00,In Discussion,Medium,6,Share proposal / MoU draft,2026-09-29,Contact changed recently
EMB-041,Ethiopia,Africa,Diego Rahman,Ambassador's Office,,+91-11-2518-6590,Email,Imran Sheikh,2026-05-07 00:00:00,2026-09-11 00:00:00,In Discussion,High,6,Share proposal / MoU draft,2026-09-30,
EMB-042,Germany,,David Olsen,Commercial Counsellor,david.olsen@germany-embassy.example,,Letter,Rohan Mehta,,,Not started,,0,Send introductory letter,2026-10-28,
EMB-043,Poland,Europe,Fatima Chen,Cultural Attaché,fatima.chen@poland-embassy.example,011 2671 9179,Event,,12/07/2026,2026-09-23 00:00:00,Contacted,Low,2,Follow-up email,2026-11-07,
EMB-044,Ghana,africa,Kwame Kowalski,Protocol Officer,kwame.kowalski@ghana-embassy.example,+91-11-2276-9817,Event,Imran Sheikh,2026-05-06 00:00:00,2026-07-17 00:00:00,No Response,Low,2,Escalate via phone / alternate contact,2026-08-01,Meeting postponed once
EMB-045,Israel,Middle East,Grace Olsen,First Secretary,grace.olsen@israel-embassy.example,+91-11-2343-6238,Letter,Aisha Khan,,,Not Started,None,1,Send introductory letter,2026-10-15,
EMB-046,Egypt,Africa,David Tanaka,Commercial Counsellor,david.tanaka@egypt-embassy.example,+91-11-2707-4978,Email,Karan Joshi,2026-08-02 00:00:00,2026-08-22 00:00:00,On hold,Medium,6,Review in next quarter,2026-09-23,Holiday season delay
EMB-047,Hungary,Europe,Pedro Park,Cultural Attaché,pedro.park@hungary-embassy.example,+91-11-2196-4116,Letter,Imran Sheikh,2026-07-23 00:00:00,2026-07-23 00:00:00,No Response,None,1,Escalate via phone / alternate contact,,Awaiting reply from HQ
EMB-048,Belgium,Europe,Kwame Lindberg,Press Officer,kwame.lindberg@belgium-embassy.example,+91-11-2919-7543,Meeting,Rohan Mehta,2026-09-07 00:00:00,2026-09-29 00:00:00,In Discussion,Medium,6,Share proposal / MoU draft,2026-10-16,Requested brochure
EMB-049,Myanmar,Asia-Pacific,Pedro Novak,Commercial Counsellor,,+91-11-2523-2894,Event,Neha Verma,2026-05-15 00:00:00,2026-09-13 00:00:00,Meeting Scheduled,Medium,4,Prepare meeting brief,2026-09-23,Prefers formal letters
EMB-050,Czech Republic,Europe,Yusuf Nkosi,Ambassador's Office,yusuf.nkosi@czechrepublic-embassy.example,+91-11-2099-8062,Meeting,Imran Sheikh,2026-08-30 00:00:00,2026-10-04 00:00:00,Meeting Scheduled,High,9,Prepare meeting brief,2026-10-17,Interested in cultural exchange
EMB-051,Denmark,europe,Liam Ali,Political Counsellor,liam.ali@denmark-embassy.example,+91-11-2070-9727,Phone,Rohan Mehta,2026-03-12 00:00:00,2026-08-04 00:00:00,On Hold,Medium,3,Review in next quarter,2026-09-21,Requested brochure
EMB-052,Senegal,Africa,Fatima Kowalski,Commercial Counsellor,fatima.kowalski@senegal-embassy.example,011 2289 2647,Phone,Priya Nair,2026-09-12 00:00:00,2026-09-12 00:00:00,Contacted,Low,1,Follow-up email,2026-09-22,Contact changed recently
EMB-053,Tanzania,Africa ,Ingrid Olsen,Political Counsellor,,+91-11-2475-7209,Meeting,Aisha Khan,2026-08-31 00:00:00,2026-08-31 00:00:00,Contacted,,1,Follow-up email,2026-09-23,Contact changed recently
EMB-054,New Zealand,Asia-Pacific,Omar Kowalski,Press Officer,omar.kowalski@newzealand-embassy.example,,Email,Karan Joshi,2026-07-01 00:00:00,,In Discussion,High,3,Share proposal / MoU draft,2026-10-22,Prefers formal letters
EMB-055,Peru,Americas,Nora Garcia,Protocol Officer,nora.garcia.peru-embassy.example,+91-11-2412-5460,Letter,Neha Verma,,,Not Started,None,0,Send introductory letter,2026-10-29,Interested in cultural exchange
EMB-056,Sri Lanka,Asia-Pacific,Lucas Novak,Commercial Counsellor,lucas.novak@srilanka-embassy.example,+91-11-2767-3532,Phone,Rohan Mehta,2026-09-20 00:00:00,2026-09-20 00:00:00,Contacted ,Low,1,Follow-up email,2026-10-21,Awaiting reply from HQ
EMB-057,Iraq,Middle East,Hiro Okafor,Commercial Counsellor,hiro.okafor@iraq-embassy.example,+91-11-2027-7455,Letter,,2026-04-28 00:00:00,2026-04-14 00:00:00,Active,Medium,9,Quarterly review call,2026-09-12,
EMB-058,Saudi Arabia,Middle East,Kwame Haddad,Protocol Officer,kwame.haddad@saudiarabia-embassy.example,+91-11-2086-5649,Letter,Karan Joshi,2026-07-21 00:00:00,29-Sep-2026,In Discussion,Medium,5,Share proposal / MoU draft,2026-10-28,Meeting postponed once
EMB-059,Singapore,Asia-Pacific,,Protocol Officer,jonas.tanaka@singapore-embassy.example,+91-11-2882-4853,Event,Aisha Khan,2026-08-23 00:00:00,2026-10-26 00:00:00,Contacted,Med,1,Follow-up email,2026-09-07,
EMB-060,Mongolia,Asia-Pacific,Layla Olsen,Ambassador's Office,layla.olsen@mongolia-embassy.example,+91-11-2675-4164,Event,Priya Nair,2026-04-22 00:00:00,2026-09-09 00:00:00,Contacted,low,2,Follow-up email,2026-10-14,
EMB-061,Portugal,Europe ,Maya Rossi,Commercial Counsellor,,+91-11-2331-9005,Email,Aisha Khan,2026-06-20 00:00:00,2026-08-30 00:00:00,On Hold,Medium,3,Review in next quarter,2026-10-15,Prefers formal letters
EMB-062,Spain,Europe,Elena Okafor,First Secretary,elena.okafor@spain-embassy.example,+91-11-2826-1711,Event,Neha Verma,,,Not Started,None,0,Send introductory letter,2026-10-26,Awaiting reply from HQ
EMB-063,Thailand,Asia-Pacific,Elena Garcia,Cultural Attaché,elena.garcia@thailand-embassy.example,+91-11-2448-9900,Meeting,Neha Verma,2026-05-30 00:00:00,2026-08-24 00:00:00,Partnership Active,None,8,Quarterly review call,2026-09-09,Requested brochure
EMB-064,Mozambique,Africa,Fatima Rahman,Press Officer,fatima.rahman@mozambique-embassy.example,+91-11-2566-9698,Meeting,Imran Sheikh,2026-05-06 00:00:00,2026-09-09 00:00:00,Contacted,,2,Follow-up email,2026-10-06,Requested brochure
EMB-065,France,Europe,Anna Petrov,Cultural Attaché,anna.petrov@france-embassy.example,+91-11-2228-3286,Email,,2026-05-02 00:00:00,,In Discussion,Medium,3,Share proposal / MoU draft,2026-09-09,Requested brochure
EMB-066,Kenya,Africa,Layla Nkosi,Political Counsellor,layla.nkosi@kenya-embassy.example,+91-11-2020-3496,Phone,Rohan Mehta,2026-07-14 00:00:00,2026-09-17 00:00:00,Meeting Scheduled,High,4,Prepare meeting brief,2026-10-26,Holiday season delay
EMB-067,Finland,Europe,David Fernandez,Political Counsellor,david.fernandez@finland-embassy.example,+91-11-2747-4295,Meeting,Imran Sheikh,2026-05-22 00:00:00,2026-07-01 00:00:00,No Response,,3,Escalate via phone / alternate contact,2026-07-26,Interested in cultural exchange
EMB-068,Oman,Middle East,,Protocol Officer,layla.silva@oman-embassy.example,(011) 27041090,Email,Imran Sheikh,2026-02-14 00:00:00,2026-06-22 00:00:00,No Response,None,3,Escalate via phone / alternate contact,2026-07-05,
EMB-069,Nepal,Asia-Pacific,Yusuf Olsen,First Secretary,yusuf.olsen@nepal-embassy.example,+91-11-2163-2771,Event,Aisha Khan,2026-05-05 00:00:00,2026-09-09 00:00:00,Meeting Scheduled,High,5,Prepare meeting brief,2026-10-11,
EMB-070,Qatar,Middle East,David Silva,Ambassador's Office,david.silva.qatar-embassy.example,+91-11-2047-5011,Event,Neha Verma,2026-06-24 00:00:00,2026-08-22 00:00:00,Contacted,LOW,2,Follow-up email,2026-09-25,Interested in cultural exchange
EMB-071,Greece,Europe,Maya Park,Political Counsellor,maya.park@greece-embassy.example,011 2640 5889,Letter,Neha Verma,2026-07-22 00:00:00,,Meeting Scheduled,Medium,6,Prepare meeting brief,2026-10-25,
EMB-072,Uganda,Africa,Layla Ali,Protocol Officer,layla.ali@uganda-embassy.example,+91-11-2728-9041,Event,Aisha Khan,2026-07-07 00:00:00,2026-07-07 00:00:00,No Response,None,1,Escalate via phone / alternate contact,2026-08-01,Prefers formal letters
EMB-073,Netherlands,Europe,Amara Okafor,Political Counsellor,amara.okafor@netherlands-embassy.example,+91-11-2370-4150,Email,Aisha Khan,19/07/2026,2026-09-26 00:00:00,Contacted,Medium,2,Follow-up email,2026-10-12,
EMB-074,Chile,Americas,Ingrid Fernandez,First Secretary,ingrid.fernandez@chile-embassy.example,(011) 28463330,Email,,,,Not Started,None,0,Send introductory letter,2026-10-19,Possible duplicate entry
EMB-075,Romania,Europe,Elena Chen,Political Counsellor,elena.chen@romania-embassy.example,+91-11-2882-2604,Email,Neha Verma,2026-08-14 00:00:00,2026-08-14 00:00:00,,Medium,1,Follow-up email,,Possible duplicate entry
EMB-076,Ireland,Europe,Lucas Dubois,Commercial Counsellor,lucas.dubois@ireland-embassy.example,(011) 25674770,Letter,,2026-09-17 00:00:00,2026-09-17 00:00:00,Contacted,Low,1,Follow-up email,2026-10-01,Possible duplicate entry
EMB-077,Thailand,Asia-Pacific,Pedro Nkosi,Cultural Attaché,pedro.nkosi@thailand-embassy.example,+91-11-2448-9900,Meeting,Karan Joshi,2026-05-30 00:00:00,2026-08-24 00:00:00,Active,Med,8,Quarterly review call,2026-09-09,Possible duplicate entry
EMB-078,Turkey,Middle East,Layla Lindberg,Cultural Attaché,layla.lindberg@turkey-embassy.example,+91-11-2499-4595,Meeting,Imran Sheikh,2026-06-04 00:00:00,25-Sep-2026,Meeting Scheduled,HIGH,7,Prepare meeting brief,2026-10-15,Possible duplicate entry
